"week_start","region","region_population","ed_trolleys","ward_trolleys","total_trolleys","surge_capacity_in_use","delayed_transfers_of_care","total_waiting_gt_24hrs","age_75plus_waiting_gt_24hrs","days_in_week","trolleys_per_10k"
2022-12-26,HSE Dublin and Midlands,1077639,97,0,97,20,129,16,0,1,0.9001
2022-12-26,HSE Dublin and North East,1187082,79,2,81,98,110,5,0,1,0.6823
2022-12-26,HSE Dublin and South East,971093,63,1,64,102,86,20,0,1,0.6591
2022-12-26,HSE Mid West,413059,36,12,48,37,19,14,0,1,1.1621
2022-12-26,HSE South West,740614,79,0,79,32,53,18,0,1,1.0667
2022-12-26,HSE West and North West,759652,90,7,97,56,70,27,0,1,1.2769
2023-01-02,HSE Dublin and Midlands,1077639,720,19,739,342,860,147,0,7,6.8576
2023-01-02,HSE Dublin and North East,1187082,548,40,588,613,811,78,0,7,4.9533
2023-01-02,HSE Dublin and South East,971093,531,53,584,1000,632,197,0,7,6.0138
2023-01-02,HSE Mid West,413059,156,130,286,317,115,56,0,7,6.9240
2023-01-02,HSE South West,740614,511,18,529,330,418,178,0,7,7.1427
2023-01-02,HSE West and North West,759652,509,291,800,449,478,255,0,7,10.5311
2023-01-09,HSE Dublin and Midlands,1077639,572,23,595,217,816,91,0,7,5.5213
2023-01-09,HSE Dublin and North East,1187082,374,16,390,581,813,42,0,7,3.2854
2023-01-09,HSE Dublin and South East,971093,395,44,439,1028,673,124,0,7,4.5207
2023-01-09,HSE Mid West,413059,46,110,156,241,111,3,0,7,3.7767
2023-01-09,HSE South West,740614,350,19,369,341,480,49,0,7,4.9824
2023-01-09,HSE West and North West,759652,292,164,456,398,440,114,0,7,6.0027
2023-01-16,HSE Dublin and Midlands,1077639,550,20,570,177,967,71,0,7,5.2893
2023-01-16,HSE Dublin and North East,1187082,275,13,288,431,759,40,0,7,2.4261
2023-01-16,HSE Dublin and South East,971093,292,58,350,778,733,93,0,7,3.6042
2023-01-16,HSE Mid West,413059,55,135,190,255,97,4,0,7,4.5998
2023-01-16,HSE South West,740614,326,46,372,319,544,31,0,7,5.0229
2023-01-16,HSE West and North West,759652,407,196,603,408,474,145,0,7,7.9378
2023-01-23,HSE Dublin and Midlands,1077639,436,19,455,100,959,52,0,7,4.2222
2023-01-23,HSE Dublin and North East,1187082,233,7,240,373,754,3,0,7,2.0218
2023-01-23,HSE Dublin and South East,971093,331,32,363,732,731,78,0,7,3.7381
2023-01-23,HSE Mid West,413059,52,110,162,289,89,7,0,7,3.9220
2023-01-23,HSE South West,740614,396,42,438,266,544,57,0,7,5.9140
2023-01-23,HSE West and North West,759652,327,166,493,258,456,112,0,7,6.4898
2023-01-30,HSE Dublin and Midlands,1077639,469,15,484,82,994,59,0,7,4.4913
2023-01-30,HSE Dublin and North East,1187082,200,5,205,266,729,7,0,7,1.7269
2023-01-30,HSE Dublin and South East,971093,260,54,314,795,659,108,0,7,3.2335
2023-01-30,HSE Mid West,413059,57,163,220,271,116,9,0,7,5.3261
2023-01-30,HSE South West,740614,368,15,383,253,572,67,0,7,5.1714
2023-01-30,HSE West and North West,759652,307,155,462,205,445,89,0,7,6.0817
2023-02-06,HSE Dublin and Midlands,1077639,547,19,566,94,981,64,0,7,5.2522
2023-02-06,HSE Dublin and North East,1187082,204,5,209,375,639,13,0,7,1.7606
2023-02-06,HSE Dublin and South East,971093,346,74,420,891,684,131,0,7,4.3250
2023-02-06,HSE Mid West,413059,96,170,266,282,123,26,0,7,6.4398
2023-02-06,HSE South West,740614,267,15,282,234,586,26,0,7,3.8077
2023-02-06,HSE West and North West,759652,276,157,433,216,458,128,0,7,5.7000
2023-02-13,HSE Dublin and Midlands,1077639,586,21,607,139,959,113,0,7,5.6327
2023-02-13,HSE Dublin and North East,1187082,405,8,413,407,641,43,0,7,3.4791
2023-02-13,HSE Dublin and South East,971093,343,62,405,784,712,102,0,7,4.1706
2023-02-13,HSE Mid West,413059,139,162,301,296,116,30,0,7,7.2871
2023-02-13,HSE South West,740614,391,46,437,251,590,67,0,7,5.9005
2023-02-13,HSE West and North West,759652,399,193,592,225,412,165,0,7,7.7930
2023-02-20,HSE Dublin and Midlands,1077639,634,31,665,120,978,83,0,7,6.1709
2023-02-20,HSE Dublin and North East,1187082,406,5,411,294,678,19,0,7,3.4623
2023-02-20,HSE Dublin and South East,971093,315,35,350,510,699,80,0,7,3.6042
2023-02-20,HSE Mid West,413059,153,170,323,302,141,44,0,7,7.8197
2023-02-20,HSE South West,740614,352,82,434,255,609,63,0,7,5.8600
2023-02-20,HSE West and North West,759652,431,175,606,319,462,201,0,7,7.9773
2023-02-27,HSE Dublin and Midlands,1077639,579,22,601,134,1048,88,0,7,5.5770
2023-02-27,HSE Dublin and North East,1187082,290,5,295,269,712,19,0,7,2.4851
2023-02-27,HSE Dublin and South East,971093,388,25,413,677,721,105,0,7,4.2529
2023-02-27,HSE Mid West,413059,134,179,313,239,177,28,0,7,7.5776
2023-02-27,HSE South West,740614,306,65,371,232,586,42,0,7,5.0094
2023-02-27,HSE West and North West,759652,273,214,487,180,505,149,0,7,6.4108
2023-03-06,HSE Dublin and Midlands,1077639,792,27,819,127,1097,170,0,7,7.5999
2023-03-06,HSE Dublin and North East,1187082,232,16,248,270,697,19,0,7,2.0892
2023-03-06,HSE Dublin and South East,971093,398,24,422,726,645,105,0,7,4.3456
2023-03-06,HSE Mid West,413059,135,172,307,254,138,41,0,7,7.4324
2023-03-06,HSE South West,740614,475,74,549,294,625,122,0,7,7.4128
2023-03-06,HSE West and North West,759652,361,219,580,280,585,140,0,7,7.6351
2023-03-13,HSE Dublin and Midlands,1077639,664,27,691,153,1055,134,0,7,6.4122
2023-03-13,HSE Dublin and North East,1187082,252,4,256,288,689,18,0,7,2.1565
2023-03-13,HSE Dublin and South East,971093,364,17,381,829,637,134,0,7,3.9234
2023-03-13,HSE Mid West,413059,150,154,304,247,95,47,0,7,7.3597
2023-03-13,HSE South West,740614,401,56,457,244,697,82,0,7,6.1706
2023-03-13,HSE West and North West,759652,448,212,660,354,581,217,0,7,8.6882
2023-03-20,HSE Dublin and Midlands,1077639,733,21,754,162,1034,113,0,7,6.9968
2023-03-20,HSE Dublin and North East,1187082,315,11,326,303,748,16,0,7,2.7462
2023-03-20,HSE Dublin and South East,971093,421,27,448,603,660,138,0,7,4.6134
2023-03-20,HSE Mid West,413059,177,183,360,313,86,51,0,7,8.7155
2023-03-20,HSE South West,740614,418,54,472,318,687,93,0,7,6.3731
2023-03-20,HSE West and North West,759652,464,261,725,420,559,216,0,7,9.5438
2023-03-27,HSE Dublin and Midlands,1077639,710,7,717,260,930,139,0,7,6.6534
2023-03-27,HSE Dublin and North East,1187082,325,19,344,346,893,23,0,7,2.8979
2023-03-27,HSE Dublin and South East,971093,350,19,369,534,675,101,0,7,3.7998
2023-03-27,HSE Mid West,413059,192,152,344,309,81,59,0,7,8.3281
2023-03-27,HSE South West,740614,458,64,522,253,723,129,0,7,7.0482
2023-03-27,HSE West and North West,759652,440,229,669,461,535,212,0,7,8.8067
2023-04-03,HSE Dublin and Midlands,1077639,482,8,490,135,950,85,0,7,4.5470
2023-04-03,HSE Dublin and North East,1187082,252,13,265,286,855,25,0,7,2.2324
2023-04-03,HSE Dublin and South East,971093,187,9,196,360,616,28,0,7,2.0183
2023-04-03,HSE Mid West,413059,161,171,332,170,89,70,0,7,8.0376
2023-04-03,HSE South West,740614,375,58,433,264,675,88,0,7,5.8465
2023-04-03,HSE West and North West,759652,487,217,704,481,529,199,0,7,9.2674
2023-04-10,HSE Dublin and Midlands,1077639,544,18,562,99,935,105,0,7,5.2151
2023-04-10,HSE Dublin and North East,1187082,163,2,165,244,793,2,0,7,1.3900
2023-04-10,HSE Dublin and South East,971093,277,35,312,574,575,72,0,7,3.2129
2023-04-10,HSE Mid West,413059,118,171,289,258,80,29,0,7,6.9966
2023-04-10,HSE South West,740614,405,55,460,250,699,102,0,7,6.2111
2023-04-10,HSE West and North West,759652,459,185,644,427,542,197,0,7,8.4776
2023-04-17,HSE Dublin and Midlands,1077639,581,36,617,180,896,120,0,7,5.7255
2023-04-17,HSE Dublin and North East,1187082,223,5,228,210,741,17,0,7,1.9207
2023-04-17,HSE Dublin and South East,971093,357,59,416,543,569,113,0,7,4.2838
2023-04-17,HSE Mid West,413059,144,191,335,324,78,39,0,7,8.1102
2023-04-17,HSE South West,740614,404,84,488,280,608,108,0,7,6.5891
2023-04-17,HSE West and North West,759652,389,225,614,382,541,174,0,7,8.0826
2023-04-24,HSE Dublin and Midlands,1077639,589,31,620,179,879,97,0,7,5.7533
2023-04-24,HSE Dublin and North East,1187082,209,7,216,172,896,12,0,7,1.8196
2023-04-24,HSE Dublin and South East,971093,403,55,458,562,615,94,0,7,4.7163
2023-04-24,HSE Mid West,413059,154,193,347,269,94,61,0,7,8.4007
2023-04-24,HSE South West,740614,376,69,445,255,569,88,0,7,6.0085
2023-04-24,HSE West and North West,759652,382,174,556,346,534,138,0,7,7.3191
2023-05-01,HSE Dublin and Midlands,1077639,672,54,726,254,871,117,0,7,6.7369
2023-05-01,HSE Dublin and North East,1187082,308,8,316,201,894,24,0,7,2.6620
2023-05-01,HSE Dublin and South East,971093,453,59,512,627,636,168,0,7,5.2724
2023-05-01,HSE Mid West,413059,181,186,367,345,94,77,0,7,8.8849
2023-05-01,HSE South West,740614,383,53,436,258,634,77,0,7,5.8870
2023-05-01,HSE West and North West,759652,446,224,670,404,515,199,0,7,8.8198
2023-05-08,HSE Dublin and Midlands,1077639,747,51,798,256,842,185,0,7,7.4051
2023-05-08,HSE Dublin and North East,1187082,304,14,318,222,909,27,0,7,2.6788
2023-05-08,HSE Dublin and South East,971093,385,41,426,553,601,156,0,7,4.3868
2023-05-08,HSE Mid West,413059,98,212,310,279,100,23,0,7,7.5050
2023-05-08,HSE South West,740614,390,79,469,290,648,89,0,7,6.3326
2023-05-08,HSE West and North West,759652,397,277,674,373,517,205,0,7,8.8725
2023-05-15,HSE Dublin and Midlands,1077639,482,38,520,137,820,61,0,7,4.8254
2023-05-15,HSE Dublin and North East,1187082,262,14,276,213,814,18,0,7,2.3250
2023-05-15,HSE Dublin and South East,971093,271,13,284,476,553,63,0,7,2.9245
2023-05-15,HSE Mid West,413059,75,227,302,230,101,16,0,7,7.3113
2023-05-15,HSE South West,740614,373,76,449,317,597,73,0,7,6.0625
2023-05-15,HSE West and North West,759652,345,243,588,314,512,181,0,7,7.7404
2023-05-22,HSE Dublin and Midlands,1077639,469,31,500,133,801,75,0,7,4.6398
2023-05-22,HSE Dublin and North East,1187082,304,21,325,253,737,29,0,7,2.7378
2023-05-22,HSE Dublin and South East,971093,313,14,327,398,578,95,0,7,3.3673
2023-05-22,HSE Mid West,413059,122,240,362,244,84,26,0,7,8.7639
2023-05-22,HSE South West,740614,325,60,385,302,592,62,0,7,5.1984
2023-05-22,HSE West and North West,759652,341,200,541,243,432,155,0,7,7.1217
2023-05-29,HSE Dublin and Midlands,1077639,424,28,452,92,719,59,0,7,4.1944
2023-05-29,HSE Dublin and North East,1187082,193,10,203,204,598,13,0,7,1.7101
2023-05-29,HSE Dublin and South East,971093,188,3,191,401,486,47,0,7,1.9669
2023-05-29,HSE Mid West,413059,115,205,320,262,80,30,0,7,7.7471
2023-05-29,HSE South West,740614,237,27,264,250,467,31,0,7,3.5646
2023-05-29,HSE West and North West,759652,287,154,441,323,375,127,0,7,5.8053
2023-06-05,HSE Dublin and Midlands,1077639,347,2,349,101,849,28,0,7,3.2386
2023-06-05,HSE Dublin and North East,1187082,56,7,63,199,749,0,0,7,0.5307
2023-06-05,HSE Dublin and South East,971093,209,0,209,323,534,39,0,7,2.1522
2023-06-05,HSE Mid West,413059,99,229,328,260,95,31,0,7,7.9408
2023-06-05,HSE South West,740614,160,22,182,296,518,11,0,7,2.4574
2023-06-05,HSE West and North West,759652,346,168,514,341,429,139,0,7,6.7663
2023-06-12,HSE Dublin and Midlands,1077639,458,25,483,157,904,66,0,7,4.4820
2023-06-12,HSE Dublin and North East,1187082,53,2,55,194,748,0,0,7,0.4633
2023-06-12,HSE Dublin and South East,971093,264,1,265,351,525,44,0,7,2.7289
2023-06-12,HSE Mid West,413059,79,232,311,267,74,16,0,7,7.5292
2023-06-12,HSE South West,740614,253,35,288,274,573,37,0,7,3.8887
2023-06-12,HSE West and North West,759652,319,220,539,395,463,125,0,7,7.0954
2023-06-19,HSE Dublin and Midlands,1077639,459,39,498,157,889,84,0,7,4.6212
2023-06-19,HSE Dublin and North East,1187082,105,4,109,373,538,0,0,7,0.9182
2023-06-19,HSE Dublin and South East,971093,177,32,209,446,472,32,0,7,2.1522
2023-06-19,HSE Mid West,413059,92,244,336,233,60,18,0,7,8.1344
2023-06-19,HSE South West,740614,242,38,280,290,614,36,0,7,3.7806
2023-06-19,HSE West and North West,759652,337,264,601,362,489,170,0,7,7.9115
2023-06-26,HSE Dublin and Midlands,1077639,507,52,559,257,850,114,0,7,5.1873
2023-06-26,HSE Dublin and North East,1187082,47,3,50,189,459,1,0,7,0.4212
2023-06-26,HSE Dublin and South East,971093,175,18,193,414,526,28,0,7,1.9875
2023-06-26,HSE Mid West,413059,131,263,394,295,74,36,0,7,9.5386
2023-06-26,HSE South West,740614,163,37,200,196,550,16,0,7,2.7005
2023-06-26,HSE West and North West,759652,294,148,442,312,497,123,0,7,5.8185
2023-07-03,HSE Dublin and Midlands,1077639,513,40,553,144,838,96,0,7,5.1316
2023-07-03,HSE Dublin and North East,1187082,31,1,32,216,483,0,0,7,0.2696
2023-07-03,HSE Dublin and South East,971093,244,21,265,405,572,57,0,7,2.7289
2023-07-03,HSE Mid West,413059,121,246,367,227,86,23,0,7,8.8849
2023-07-03,HSE South West,740614,146,11,157,132,550,20,0,7,2.1199
2023-07-03,HSE West and North West,759652,190,138,328,281,471,87,0,7,4.3178
2023-07-10,HSE Dublin and Midlands,1077639,469,35,504,175,853,92,0,7,4.6769
2023-07-10,HSE Dublin and North East,1187082,93,3,96,195,467,0,0,7,0.8087
2023-07-10,HSE Dublin and South East,971093,210,17,227,485,580,32,0,7,2.3376
2023-07-10,HSE Mid West,413059,93,260,353,256,64,14,0,7,8.5460
2023-07-10,HSE South West,740614,245,17,262,220,574,27,0,7,3.5376
2023-07-10,HSE West and North West,759652,285,162,447,306,452,113,0,7,5.8843
2023-07-17,HSE Dublin and Midlands,1077639,257,8,265,128,925,19,0,7,2.4591
2023-07-17,HSE Dublin and North East,1187082,101,11,112,212,499,0,0,7,0.9435
2023-07-17,HSE Dublin and South East,971093,202,18,220,462,601,32,0,7,2.2655
2023-07-17,HSE Mid West,413059,99,251,350,251,62,19,0,7,8.4734
2023-07-17,HSE South West,740614,267,16,283,279,585,52,0,7,3.8212
2023-07-17,HSE West and North West,759652,256,191,447,391,424,107,0,7,5.8843
2023-07-24,HSE Dublin and Midlands,1077639,284,9,293,131,955,20,0,7,2.7189
2023-07-24,HSE Dublin and North East,1187082,92,0,92,114,451,0,0,7,0.7750
2023-07-24,HSE Dublin and South East,971093,266,36,302,545,645,59,0,7,3.1099
2023-07-24,HSE Mid West,413059,112,267,379,278,69,23,0,7,9.1754
2023-07-24,HSE South West,740614,308,26,334,232,591,57,0,7,4.5098
2023-07-24,HSE West and North West,759652,305,166,471,361,450,127,0,7,6.2002
2023-07-31,HSE Dublin and Midlands,1077639,273,23,296,139,977,17,0,7,2.7467
2023-07-31,HSE Dublin and North East,1187082,82,2,84,236,417,0,0,7,0.7076
2023-07-31,HSE Dublin and South East,971093,260,30,290,578,578,45,0,7,2.9863
2023-07-31,HSE Mid West,413059,100,228,328,229,63,29,0,7,7.9408
2023-07-31,HSE South West,740614,276,47,323,215,548,56,0,7,4.3612
2023-07-31,HSE West and North West,759652,353,175,528,326,433,141,0,7,6.9506
2023-08-07,HSE Dublin and Midlands,1077639,283,21,304,99,942,11,0,7,2.8210
2023-08-07,HSE Dublin and North East,1187082,226,12,238,317,330,7,0,7,2.0049
2023-08-07,HSE Dublin and South East,971093,211,42,253,463,531,59,0,7,2.6053
2023-08-07,HSE Mid West,413059,99,222,321,215,69,10,0,7,7.7713
2023-08-07,HSE South West,740614,177,8,185,252,558,17,0,7,2.4979
2023-08-07,HSE West and North West,759652,405,191,596,389,427,161,0,7,7.8457
2023-08-14,HSE Dublin and Midlands,1077639,423,29,452,148,955,68,16,7,4.1944
2023-08-14,HSE Dublin and North East,1187082,229,10,239,241,349,16,10,7,2.0133
2023-08-14,HSE Dublin and South East,971093,215,35,250,538,511,28,6,7,2.5744
2023-08-14,HSE Mid West,413059,123,170,293,237,84,26,12,7,7.0934
2023-08-14,HSE South West,740614,254,30,284,241,546,20,23,7,3.8347
2023-08-14,HSE West and North West,759652,303,205,508,423,496,150,11,7,6.6873
2023-08-21,HSE Dublin and Midlands,1077639,372,15,387,136,982,31,6,7,3.5912
2023-08-21,HSE Dublin and North East,1187082,193,11,204,219,348,8,4,7,1.7185
2023-08-21,HSE Dublin and South East,971093,233,28,261,428,538,41,10,7,2.6877
2023-08-21,HSE Mid West,413059,105,207,312,264,65,30,1,7,7.5534
2023-08-21,HSE South West,740614,381,52,433,264,593,69,55,7,5.8465
2023-08-21,HSE West and North West,759652,299,182,481,296,498,127,7,7,6.3318
2023-08-28,HSE Dublin and Midlands,1077639,388,26,414,83,946,20,6,7,3.8417
2023-08-28,HSE Dublin and North East,1187082,141,13,154,223,326,2,7,7,1.2973
2023-08-28,HSE Dublin and South East,971093,187,27,214,380,608,40,0,7,2.2037
2023-08-28,HSE Mid West,413059,120,232,352,238,64,34,2,7,8.5218
2023-08-28,HSE South West,740614,453,60,513,263,672,113,47,7,6.9267
2023-08-28,HSE West and North West,759652,306,208,514,369,542,142,6,7,6.7663
2023-09-04,HSE Dublin and Midlands,1077639,466,40,506,152,917,83,8,7,4.6954
2023-09-04,HSE Dublin and North East,1187082,177,10,187,135,283,7,2,7,1.5753
2023-09-04,HSE Dublin and South East,971093,191,31,222,405,598,26,0,7,2.2861
2023-09-04,HSE Mid West,413059,164,241,405,284,72,66,1,7,9.8049
2023-09-04,HSE South West,740614,395,46,441,256,733,82,42,7,5.9545
2023-09-04,HSE West and North West,759652,378,224,602,381,577,164,11,7,7.9247
2023-09-11,HSE Dublin and Midlands,1077639,465,29,494,117,931,61,4,7,4.5841
2023-09-11,HSE Dublin and North East,1187082,158,7,165,167,215,10,4,7,1.3900
2023-09-11,HSE Dublin and South East,971093,191,47,238,442,635,23,1,7,2.4508
2023-09-11,HSE Mid West,413059,137,241,378,288,77,36,0,7,9.1512
2023-09-11,HSE South West,740614,308,30,338,215,682,58,26,7,4.5638
2023-09-11,HSE West and North West,759652,280,194,474,363,634,119,7,7,6.2397
2023-09-18,HSE Dublin and Midlands,1077639,456,22,478,172,960,62,4,7,4.4356
2023-09-18,HSE Dublin and North East,1187082,208,13,221,148,243,13,5,7,1.8617
2023-09-18,HSE Dublin and South East,971093,311,38,349,358,628,70,9,7,3.5939
2023-09-18,HSE Mid West,413059,138,247,385,238,84,38,0,7,9.3207
2023-09-18,HSE South West,740614,347,47,394,245,610,51,26,7,5.3199
2023-09-18,HSE West and North West,759652,267,144,411,329,592,92,2,7,5.4104
2023-09-25,HSE Dublin and Midlands,1077639,567,40,607,274,984,71,11,7,5.6327
2023-09-25,HSE Dublin and North East,1187082,256,21,277,206,304,23,6,7,2.3335
2023-09-25,HSE Dublin and South East,971093,235,44,279,422,635,51,0,7,2.8731
2023-09-25,HSE Mid West,413059,173,246,419,317,69,60,6,7,10.1438
2023-09-25,HSE South West,740614,438,52,490,264,634,88,59,7,6.6161
2023-09-25,HSE West and North West,759652,230,187,417,332,592,117,0,7,5.4894
2023-10-02,HSE Dublin and Midlands,1077639,545,49,594,213,949,75,7,7,5.5120
2023-10-02,HSE Dublin and North East,1187082,264,11,275,200,353,17,5,7,2.3166
2023-10-02,HSE Dublin and South East,971093,218,58,276,611,601,54,4,7,2.8422
2023-10-02,HSE Mid West,413059,171,246,417,324,77,53,7,7,10.0954
2023-10-02,HSE South West,740614,381,29,410,315,678,76,52,7,5.5359
2023-10-02,HSE West and North West,759652,302,164,466,279,626,111,1,7,6.1344
2023-10-09,HSE Dublin and Midlands,1077639,543,72,615,192,955,77,11,7,5.7069
2023-10-09,HSE Dublin and North East,1187082,286,19,305,192,401,36,18,7,2.5693
2023-10-09,HSE Dublin and South East,971093,236,68,304,615,619,58,2,7,3.1305
2023-10-09,HSE Mid West,413059,154,207,361,336,99,52,5,7,8.7397
2023-10-09,HSE South West,740614,345,60,405,298,648,52,14,7,5.4684
2023-10-09,HSE West and North West,759652,259,198,457,295,598,141,0,7,6.0159
2023-10-16,HSE Dublin and Midlands,1077639,440,44,484,265,933,73,5,7,4.4913
2023-10-16,HSE Dublin and North East,1187082,244,10,254,180,424,21,9,7,2.1397
2023-10-16,HSE Dublin and South East,971093,221,63,284,663,604,57,4,7,2.9245
2023-10-16,HSE Mid West,413059,149,241,390,313,124,39,6,7,9.4418
2023-10-16,HSE South West,740614,307,53,360,289,644,44,11,7,4.8608
2023-10-16,HSE West and North West,759652,235,175,410,264,560,146,7,7,5.3972
2023-10-23,HSE Dublin and Midlands,1077639,504,42,546,265,977,78,6,7,5.0666
2023-10-23,HSE Dublin and North East,1187082,283,8,291,219,419,11,8,7,2.4514
2023-10-23,HSE Dublin and South East,971093,280,42,322,590,672,69,1,7,3.3159
2023-10-23,HSE Mid West,413059,96,235,331,271,97,37,10,7,8.0134
2023-10-23,HSE South West,740614,348,47,395,293,748,73,13,7,5.3334
2023-10-23,HSE West and North West,759652,276,148,424,277,573,115,0,7,5.5815
2023-10-30,HSE Dublin and Midlands,1077639,612,36,648,317,844,69,13,7,6.0131
2023-10-30,HSE Dublin and North East,1187082,328,11,339,247,342,20,7,7,2.8557
2023-10-30,HSE Dublin and South East,971093,260,40,300,508,549,47,6,7,3.0893
2023-10-30,HSE Mid West,413059,64,222,286,145,86,9,2,7,6.9240
2023-10-30,HSE South West,740614,383,60,443,353,569,80,9,7,5.9815
2023-10-30,HSE West and North West,759652,255,186,441,336,445,127,12,7,5.8053
2023-11-06,HSE Dublin and Midlands,1077639,668,53,721,354,885,141,13,7,6.6906
2023-11-06,HSE Dublin and North East,1187082,337,10,347,282,382,31,15,7,2.9231
2023-11-06,HSE Dublin and South East,971093,325,55,380,698,611,85,9,7,3.9131
2023-11-06,HSE Mid West,413059,101,239,340,228,97,89,2,7,8.2313
2023-11-06,HSE South West,740614,376,60,436,309,568,96,9,7,5.8870
2023-11-06,HSE West and North West,759652,322,181,503,274,479,152,3,7,6.6215
2023-11-13,HSE Dublin and Midlands,1077639,575,62,637,302,831,132,6,7,5.9111
2023-11-13,HSE Dublin and North East,1187082,349,12,361,235,416,29,18,7,3.0411
2023-11-13,HSE Dublin and South East,971093,325,38,363,724,497,83,6,7,3.7381
2023-11-13,HSE Mid West,413059,150,249,399,246,81,118,5,7,9.6596
2023-11-13,HSE South West,740614,389,74,463,347,558,118,4,7,6.2516
2023-11-13,HSE West and North West,759652,292,259,551,306,488,185,4,7,7.2533
2023-11-20,HSE Dublin and Midlands,1077639,480,10,490,288,851,58,2,7,4.5470
2023-11-20,HSE Dublin and North East,1187082,323,11,334,241,408,14,14,7,2.8136
2023-11-20,HSE Dublin and South East,971093,310,26,336,602,519,89,3,7,3.4600
2023-11-20,HSE Mid West,413059,141,224,365,284,86,98,5,7,8.8365
2023-11-20,HSE South West,740614,312,63,375,330,615,82,2,7,5.0634
2023-11-20,HSE West and North West,759652,210,171,381,250,546,114,2,7,5.0155
2023-11-27,HSE Dublin and Midlands,1077639,466,9,475,282,822,13,1,7,4.4078
2023-11-27,HSE Dublin and North East,1187082,272,12,284,276,420,10,7,7,2.3924
2023-11-27,HSE Dublin and South East,971093,332,62,394,695,679,105,18,7,4.0573
2023-11-27,HSE Mid West,413059,112,228,340,198,130,107,8,7,8.2313
2023-11-27,HSE South West,740614,368,81,449,335,617,126,2,7,6.0625
2023-11-27,HSE West and North West,759652,235,154,389,294,606,93,10,7,5.1208
2023-12-04,HSE Dublin and Midlands,1077639,706,9,715,433,733,104,18,7,6.6349
2023-12-04,HSE Dublin and North East,1187082,362,10,372,252,467,17,10,7,3.1337
2023-12-04,HSE Dublin and South East,971093,318,23,341,511,797,78,23,7,3.5115
2023-12-04,HSE Mid West,413059,193,200,393,314,150,118,7,7,9.5144
2023-12-04,HSE South West,740614,299,66,365,285,722,73,1,7,4.9283
2023-12-04,HSE West and North West,759652,354,257,611,394,655,174,2,7,8.0432
2023-12-11,HSE Dublin and Midlands,1077639,622,95,717,516,620,126,18,7,6.6534
2023-12-11,HSE Dublin and North East,1187082,319,10,329,274,397,33,24,7,2.7715
2023-12-11,HSE Dublin and South East,971093,335,43,378,650,808,116,17,7,3.8925
2023-12-11,HSE Mid West,413059,165,252,417,299,170,152,38,7,10.0954
2023-12-11,HSE South West,740614,435,54,489,307,708,110,5,7,6.6026
2023-12-11,HSE West and North West,759652,424,259,683,417,710,234,27,7,8.9910
2023-12-18,HSE Dublin and Midlands,1077639,262,14,276,302,557,20,2,7,2.5612
2023-12-18,HSE Dublin and North East,1187082,107,10,117,144,342,2,1,7,0.9856
2023-12-18,HSE Dublin and South East,971093,215,39,254,491,772,36,12,7,2.6156
2023-12-18,HSE Mid West,413059,81,157,238,131,126,79,12,7,5.7619
2023-12-18,HSE South West,740614,219,22,241,258,580,52,15,7,3.2541
2023-12-18,HSE West and North West,759652,219,160,379,213,622,119,7,7,4.9891
2023-12-25,HSE Dublin and Midlands,1077639,116,1,117,156,444,2,0,7,1.0857
2023-12-25,HSE Dublin and North East,1187082,24,0,24,116,265,0,0,7,0.2022
2023-12-25,HSE Dublin and South East,971093,87,1,88,98,667,1,0,7,0.9062
2023-12-25,HSE Mid West,413059,18,97,115,74,85,9,3,7,2.7841
2023-12-25,HSE South West,740614,146,0,146,157,539,20,0,7,1.9713
2023-12-25,HSE West and North West,759652,121,35,156,133,501,15,0,7,2.0536
2024-01-01,HSE Dublin and Midlands,1077639,421,19,440,525,472,37,12,7,4.0830
2024-01-01,HSE Dublin and North East,1187082,243,5,248,263,269,13,4,7,2.0892
2024-01-01,HSE Dublin and South East,971093,145,14,159,635,646,16,5,7,1.6373
2024-01-01,HSE Mid West,413059,52,240,292,212,96,89,4,7,7.0692
2024-01-01,HSE South West,740614,437,71,508,442,500,124,15,7,6.8592
2024-01-01,HSE West and North West,759652,378,194,572,459,512,152,6,7,7.5298
2024-01-08,HSE Dublin and Midlands,1077639,399,27,426,546,524,53,2,7,3.9531
2024-01-08,HSE Dublin and North East,1187082,358,8,366,384,319,20,15,7,3.0832
2024-01-08,HSE Dublin and South East,971093,208,52,260,744,638,26,3,7,2.6774
2024-01-08,HSE Mid West,413059,67,251,318,207,113,93,1,7,7.6987
2024-01-08,HSE South West,740614,387,93,480,393,437,110,16,7,6.4811
2024-01-08,HSE West and North West,759652,270,210,480,499,576,159,2,7,6.3187
2024-01-15,HSE Dublin and Midlands,1077639,441,37,478,549,506,73,8,7,4.4356
2024-01-15,HSE Dublin and North East,1187082,351,18,369,374,327,18,11,7,3.1085
2024-01-15,HSE Dublin and South East,971093,276,25,301,714,645,59,4,7,3.0996
2024-01-15,HSE Mid West,413059,98,260,358,252,141,101,15,7,8.6670
2024-01-15,HSE South West,740614,414,141,555,345,532,144,15,7,7.4938
2024-01-15,HSE West and North West,759652,280,133,413,375,574,83,6,7,5.4367
2024-01-22,HSE Dublin and Midlands,1077639,498,56,554,664,433,92,5,7,5.1409
2024-01-22,HSE Dublin and North East,1187082,337,12,349,457,287,5,0,7,2.9400
2024-01-22,HSE Dublin and South East,971093,256,28,284,775,572,45,15,7,2.9245
2024-01-22,HSE Mid West,413059,133,288,421,272,120,120,24,7,10.1922
2024-01-22,HSE South West,740614,408,143,551,360,566,128,51,7,7.4398
2024-01-22,HSE West and North West,759652,278,239,517,468,593,137,11,7,6.8057
2024-01-29,HSE Dublin and Midlands,1077639,397,28,425,614,395,49,0,7,3.9438
2024-01-29,HSE Dublin and North East,1187082,307,18,325,399,305,6,5,7,2.7378
2024-01-29,HSE Dublin and South East,971093,254,67,321,874,589,57,5,7,3.3056
2024-01-29,HSE Mid West,413059,137,310,447,246,134,116,21,7,10.8217
2024-01-29,HSE South West,740614,261,89,350,346,524,63,7,7,4.7258
2024-01-29,HSE West and North West,759652,247,220,467,396,593,109,6,7,6.1476
2024-02-05,HSE Dublin and Midlands,1077639,464,44,508,698,376,48,5,7,4.7140
2024-02-05,HSE Dublin and North East,1187082,397,4,401,590,277,26,13,7,3.3780
2024-02-05,HSE Dublin and South East,971093,328,89,417,936,592,72,18,7,4.2941
2024-02-05,HSE Mid West,413059,192,309,501,289,146,178,44,7,12.1290
2024-02-05,HSE South West,740614,250,65,315,299,497,28,10,7,4.2532
2024-02-05,HSE West and North West,759652,269,242,511,401,589,124,5,7,6.7268
2024-02-12,HSE Dublin and Midlands,1077639,403,9,412,699,437,42,1,7,3.8232
2024-02-12,HSE Dublin and North East,1187082,297,8,305,335,261,11,4,7,2.5693
2024-02-12,HSE Dublin and South East,971093,325,76,401,952,590,79,27,7,4.1294
2024-02-12,HSE Mid West,413059,139,278,417,291,126,125,16,7,10.0954
2024-02-12,HSE South West,740614,227,61,288,254,516,65,17,7,3.8887
2024-02-12,HSE West and North West,759652,313,273,586,356,650,151,6,7,7.7141
2024-02-19,HSE Dublin and Midlands,1077639,472,22,494,903,531,34,1,7,4.5841
2024-02-19,HSE Dublin and North East,1187082,388,2,390,400,277,7,1,7,3.2854
2024-02-19,HSE Dublin and South East,971093,223,50,273,803,548,57,18,7,2.8113
2024-02-19,HSE Mid West,413059,117,270,387,297,119,118,26,7,9.3691
2024-02-19,HSE South West,740614,217,35,252,273,522,15,3,7,3.4026
2024-02-19,HSE West and North West,759652,247,227,474,307,681,139,12,7,6.2397
2024-02-26,HSE Dublin and Midlands,1077639,506,37,543,707,613,47,2,7,5.0388
2024-02-26,HSE Dublin and North East,1187082,285,0,285,409,274,17,6,7,2.4008
2024-02-26,HSE Dublin and South East,971093,255,33,288,698,601,52,17,7,2.9657
2024-02-26,HSE Mid West,413059,135,286,421,328,164,142,39,7,10.1922
2024-02-26,HSE South West,740614,265,81,346,305,531,36,14,7,4.6718
2024-02-26,HSE West and North West,759652,182,186,368,259,749,103,0,7,4.8443
2024-03-04,HSE Dublin and Midlands,1077639,485,27,512,752,673,53,7,7,4.7511
2024-03-04,HSE Dublin and North East,1187082,277,0,277,392,259,4,3,7,2.3335
2024-03-04,HSE Dublin and South East,971093,286,16,302,726,638,70,37,7,3.1099
2024-03-04,HSE Mid West,413059,151,247,398,288,155,108,16,7,9.6354
2024-03-04,HSE South West,740614,213,54,267,301,594,29,2,7,3.6051
2024-03-04,HSE West and North West,759652,170,145,315,265,751,83,1,7,4.1466
2024-03-11,HSE Dublin and Midlands,1077639,498,27,525,700,586,58,11,7,4.8718
2024-03-11,HSE Dublin and North East,1187082,362,2,364,399,267,7,3,7,3.0663
2024-03-11,HSE Dublin and South East,971093,321,26,347,754,645,59,19,7,3.5733
2024-03-11,HSE Mid West,413059,101,267,368,252,114,100,25,7,8.9091
2024-03-11,HSE South West,740614,268,79,347,297,526,51,5,7,4.6853
2024-03-11,HSE West and North West,759652,150,171,321,289,758,68,0,7,4.2256
2024-03-18,HSE Dublin and Midlands,1077639,403,28,431,581,548,18,3,7,3.9995
2024-03-18,HSE Dublin and North East,1187082,322,0,322,423,278,4,1,7,2.7125
2024-03-18,HSE Dublin and South East,971093,224,46,270,712,635,66,15,7,2.7804
2024-03-18,HSE Mid West,413059,161,259,420,274,111,142,24,7,10.1680
2024-03-18,HSE South West,740614,298,78,376,317,491,61,12,7,5.0769
2024-03-18,HSE West and North West,759652,224,199,423,355,786,103,1,7,5.5683
2024-03-25,HSE Dublin and Midlands,1077639,449,34,483,501,528,54,7,7,4.4820
2024-03-25,HSE Dublin and North East,1187082,265,2,267,350,289,6,1,7,2.2492
2024-03-25,HSE Dublin and South East,971093,256,61,317,762,647,46,2,7,3.2644
2024-03-25,HSE Mid West,413059,133,291,424,245,116,124,20,7,10.2649
2024-03-25,HSE South West,740614,214,56,270,291,484,29,5,7,3.6456
2024-03-25,HSE West and North West,759652,196,172,368,276,676,76,5,7,4.8443
2024-04-01,HSE Dublin and Midlands,1077639,476,36,512,596,478,49,2,7,4.7511
2024-04-01,HSE Dublin and North East,1187082,257,0,257,385,279,0,0,7,2.1650
2024-04-01,HSE Dublin and South East,971093,336,45,381,921,633,61,11,7,3.9234
2024-04-01,HSE Mid West,413059,117,245,362,277,118,122,27,7,8.7639
2024-04-01,HSE South West,740614,312,81,393,293,473,66,14,7,5.3064
2024-04-01,HSE West and North West,759652,303,209,512,345,659,110,5,7,6.7399
2024-04-08,HSE Dublin and Midlands,1077639,489,57,546,686,505,86,10,7,5.0666
2024-04-08,HSE Dublin and North East,1187082,339,0,339,425,276,8,4,7,2.8557
2024-04-08,HSE Dublin and South East,971093,271,58,329,851,614,64,10,7,3.3879
2024-04-08,HSE Mid West,413059,103,248,351,258,127,81,27,7,8.4976
2024-04-08,HSE South West,740614,331,69,400,280,482,75,13,7,5.4009
2024-04-08,HSE West and North West,759652,352,295,647,412,664,194,4,7,8.5171
2024-04-15,HSE Dublin and Midlands,1077639,453,36,489,499,552,62,2,7,4.5377
2024-04-15,HSE Dublin and North East,1187082,350,0,350,426,290,7,3,7,2.9484
2024-04-15,HSE Dublin and South East,971093,304,55,359,865,536,60,13,7,3.6969
2024-04-15,HSE Mid West,413059,135,267,402,259,147,124,40,7,9.7323
2024-04-15,HSE South West,740614,216,27,243,258,573,24,1,7,3.2811
2024-04-15,HSE West and North West,759652,279,180,459,352,634,99,7,7,6.0422
2024-04-22,HSE Dublin and Midlands,1077639,340,27,367,477,560,23,3,7,3.4056
2024-04-22,HSE Dublin and North East,1187082,343,0,343,425,296,5,0,7,2.8894
2024-04-22,HSE Dublin and South East,971093,260,62,322,857,565,57,12,7,3.3159
2024-04-22,HSE Mid West,413059,144,272,416,309,158,128,32,7,10.0712
2024-04-22,HSE South West,740614,240,40,280,249,494,40,3,7,3.7806
2024-04-22,HSE West and North West,759652,156,147,303,277,654,69,1,7,3.9887
2024-04-29,HSE Dublin and Midlands,1077639,336,42,378,422,538,38,0,7,3.5077
2024-04-29,HSE Dublin and North East,1187082,256,3,259,311,268,0,0,7,2.1818
2024-04-29,HSE Dublin and South East,971093,240,35,275,762,582,31,5,7,2.8319
2024-04-29,HSE Mid West,413059,102,224,326,220,142,109,24,7,7.8923
2024-04-29,HSE South West,740614,291,85,376,306,419,44,3,7,5.0769
2024-04-29,HSE West and North West,759652,174,123,297,242,734,46,2,7,3.9097
2024-05-06,HSE Dublin and Midlands,1077639,308,18,326,427,502,32,1,7,3.0251
2024-05-06,HSE Dublin and North East,1187082,300,2,302,366,261,9,1,7,2.5441
2024-05-06,HSE Dublin and South East,971093,204,36,240,882,552,23,4,7,2.4714
2024-05-06,HSE Mid West,413059,98,217,315,307,116,88,17,7,7.6260
2024-05-06,HSE South West,740614,149,28,177,240,472,10,0,7,2.3899
2024-05-06,HSE West and North West,759652,244,160,404,390,720,84,3,7,5.3182
2024-05-13,HSE Dublin and Midlands,1077639,388,80,468,354,519,63,6,7,4.3428
2024-05-13,HSE Dublin and North East,1187082,348,4,352,422,228,9,1,7,2.9653
2024-05-13,HSE Dublin and South East,971093,176,30,206,729,548,33,6,7,2.1213
2024-05-13,HSE Mid West,413059,150,281,431,337,157,132,41,7,10.4343
2024-05-13,HSE South West,740614,167,22,189,223,483,19,0,7,2.5519
2024-05-13,HSE West and North West,759652,277,218,495,367,756,134,3,7,6.5161
2024-05-20,HSE Dublin and Midlands,1077639,372,28,400,423,560,67,0,7,3.7118
2024-05-20,HSE Dublin and North East,1187082,400,2,402,371,252,16,8,7,3.3865
2024-05-20,HSE Dublin and South East,971093,167,44,211,751,601,34,5,7,2.1728
2024-05-20,HSE Mid West,413059,147,290,437,332,130,129,24,7,10.5796
2024-05-20,HSE South West,740614,240,69,309,256,533,40,10,7,4.1722
2024-05-20,HSE West and North West,759652,139,138,277,234,728,57,1,7,3.6464
2024-05-27,HSE Dublin and Midlands,1077639,420,65,485,401,570,72,6,7,4.5006
2024-05-27,HSE Dublin and North East,1187082,247,0,247,287,246,12,2,7,2.0807
2024-05-27,HSE Dublin and South East,971093,145,16,161,694,605,15,2,7,1.6579
2024-05-27,HSE Mid West,413059,171,251,422,320,134,130,34,7,10.2165
2024-05-27,HSE South West,740614,258,41,299,303,543,32,4,7,4.0372
2024-05-27,HSE West and North West,759652,227,144,371,261,713,55,1,7,4.8838
2024-06-03,HSE Dublin and Midlands,1077639,403,57,460,442,534,74,7,7,4.2686
2024-06-03,HSE Dublin and North East,1187082,278,0,278,341,224,5,1,7,2.3419
2024-06-03,HSE Dublin and South East,971093,179,38,217,660,595,29,7,7,2.2346
2024-06-03,HSE Mid West,413059,109,203,312,237,147,83,28,7,7.5534
2024-06-03,HSE South West,740614,331,60,391,274,544,52,4,7,5.2794
2024-06-03,HSE West and North West,759652,200,179,379,227,705,78,2,7,4.9891
2024-06-10,HSE Dublin and Midlands,1077639,367,47,414,439,560,74,3,7,3.8417
2024-06-10,HSE Dublin and North East,1187082,335,0,335,405,227,4,1,7,2.8220
2024-06-10,HSE Dublin and South East,971093,196,32,228,735,546,26,2,7,2.3479
2024-06-10,HSE Mid West,413059,103,200,303,192,140,56,12,7,7.3355
2024-06-10,HSE South West,740614,288,74,362,250,593,81,11,7,4.8878
2024-06-10,HSE West and North West,759652,336,240,576,316,702,135,12,7,7.5824
2024-06-17,HSE Dublin and Midlands,1077639,347,12,359,419,552,38,1,7,3.3314
2024-06-17,HSE Dublin and North East,1187082,328,0,328,431,211,3,0,7,2.7631
2024-06-17,HSE Dublin and South East,971093,220,16,236,668,558,24,8,7,2.4303
2024-06-17,HSE Mid West,413059,98,184,282,221,141,72,24,7,6.8271
2024-06-17,HSE South West,740614,253,47,300,245,539,30,2,7,4.0507
2024-06-17,HSE West and North West,759652,279,198,477,393,682,125,14,7,6.2792
2024-06-24,HSE Dublin and Midlands,1077639,331,0,331,393,550,32,0,7,3.0715
2024-06-24,HSE Dublin and North East,1187082,346,7,353,505,243,6,1,7,2.9737
2024-06-24,HSE Dublin and South East,971093,255,15,270,593,557,54,13,7,2.7804
2024-06-24,HSE Mid West,413059,154,209,363,257,158,104,34,7,8.7881
2024-06-24,HSE South West,740614,219,29,248,250,556,33,3,7,3.3486
2024-06-24,HSE West and North West,759652,256,204,460,260,705,125,7,7,6.0554
2024-07-01,HSE Dublin and Midlands,1077639,244,5,249,297,544,7,0,7,2.3106
2024-07-01,HSE Dublin and North East,1187082,284,0,284,400,333,5,3,7,2.3924
2024-07-01,HSE Dublin and South East,971093,179,31,210,739,585,26,4,7,2.1625
2024-07-01,HSE Mid West,413059,156,220,376,283,173,115,29,7,9.1028
2024-07-01,HSE South West,740614,240,20,260,204,524,33,2,7,3.5106
2024-07-01,HSE West and North West,759652,195,145,340,265,711,84,8,7,4.4757
2024-07-08,HSE Dublin and Midlands,1077639,258,0,258,370,569,14,0,7,2.3941
2024-07-08,HSE Dublin and North East,1187082,170,0,170,288,350,1,0,7,1.4321
2024-07-08,HSE Dublin and South East,971093,205,38,243,741,579,34,8,7,2.5023
2024-07-08,HSE Mid West,413059,196,268,464,248,193,152,48,7,11.2333
2024-07-08,HSE South West,740614,290,45,335,252,521,43,14,7,4.5233
2024-07-08,HSE West and North West,759652,229,204,433,258,724,107,5,7,5.7000
2024-07-15,HSE Dublin and Midlands,1077639,329,3,332,374,591,28,6,7,3.0808
2024-07-15,HSE Dublin and North East,1187082,198,0,198,281,334,0,0,7,1.6680
2024-07-15,HSE Dublin and South East,971093,149,22,171,612,575,13,1,7,1.7609
2024-07-15,HSE Mid West,413059,154,235,389,232,158,105,25,7,9.4175
2024-07-15,HSE South West,740614,256,30,286,226,523,34,5,7,3.8617
2024-07-15,HSE West and North West,759652,253,210,463,257,778,118,0,7,6.0949
2024-07-22,HSE Dublin and Midlands,1077639,368,14,382,436,591,25,1,7,3.5448
2024-07-22,HSE Dublin and North East,1187082,203,0,203,292,319,1,0,7,1.7101
2024-07-22,HSE Dublin and South East,971093,128,36,164,506,645,20,4,7,1.6888
2024-07-22,HSE Mid West,413059,112,208,320,201,139,85,39,7,7.7471
2024-07-22,HSE South West,740614,270,46,316,232,550,33,2,7,4.2667
2024-07-22,HSE West and North West,759652,241,208,449,280,810,113,3,7,5.9106
2024-07-29,HSE Dublin and Midlands,1077639,325,20,345,340,547,43,1,7,3.2014
2024-07-29,HSE Dublin and North East,1187082,210,0,210,258,259,0,0,7,1.7690
2024-07-29,HSE Dublin and South East,971093,144,40,184,559,546,24,5,7,1.8948
2024-07-29,HSE Mid West,413059,118,200,318,218,140,80,46,7,7.6987
2024-07-29,HSE South West,740614,140,20,160,190,566,9,1,7,2.1604
2024-07-29,HSE West and North West,759652,231,203,434,287,818,114,1,7,5.7131
2024-08-05,HSE Dublin and Midlands,1077639,315,20,335,411,527,27,0,7,3.1086
2024-08-05,HSE Dublin and North East,1187082,216,0,216,283,246,0,1,7,1.8196
2024-08-05,HSE Dublin and South East,971093,207,19,226,538,580,37,9,7,2.3273
2024-08-05,HSE Mid West,413059,130,243,373,282,148,109,26,7,9.0302
2024-08-05,HSE South West,740614,213,23,236,209,501,21,1,7,3.1865
2024-08-05,HSE West and North West,759652,228,194,422,290,795,105,0,7,5.5552
2024-08-12,HSE Dublin and Midlands,1077639,291,37,328,340,504,33,3,7,3.0437
2024-08-12,HSE Dublin and North East,1187082,149,0,149,236,274,0,0,7,1.2552
2024-08-12,HSE Dublin and South East,971093,180,8,188,586,596,29,5,7,1.9360
2024-08-12,HSE Mid West,413059,37,125,162,160,174,34,9,7,3.9220
2024-08-12,HSE South West,740614,188,39,227,193,502,38,5,7,3.0650
2024-08-12,HSE West and North West,759652,193,191,384,262,780,82,1,7,5.0549
2024-08-19,HSE Dublin and Midlands,1077639,228,34,262,280,523,50,0,7,2.4312
2024-08-19,HSE Dublin and North East,1187082,214,0,214,223,293,2,2,7,1.8027
2024-08-19,HSE Dublin and South East,971093,231,20,251,689,570,42,2,7,2.5847
2024-08-19,HSE Mid West,413059,0,0,0,141,155,0,1,7,0.0000
2024-08-19,HSE South West,740614,158,16,174,199,582,10,0,7,2.3494
2024-08-19,HSE West and North West,759652,172,183,355,244,804,94,1,7,4.6732
2024-08-26,HSE Dublin and Midlands,1077639,308,48,356,254,506,71,2,7,3.3035
2024-08-26,HSE Dublin and North East,1187082,249,0,249,271,307,0,0,7,2.0976
2024-08-26,HSE Dublin and South East,971093,241,18,259,527,552,52,2,7,2.6671
2024-08-26,HSE Mid West,413059,6,97,103,217,166,15,1,7,2.4936
2024-08-26,HSE South West,740614,168,21,189,153,611,23,0,7,2.5519
2024-08-26,HSE West and North West,759652,190,179,369,319,806,103,5,7,4.8575
2024-09-02,HSE Dublin and Midlands,1077639,258,35,293,233,497,46,3,7,2.7189
2024-09-02,HSE Dublin and North East,1187082,284,0,284,307,298,5,0,7,2.3924
2024-09-02,HSE Dublin and South East,971093,227,37,264,609,562,61,4,7,2.7186
2024-09-02,HSE Mid West,413059,13,185,198,271,217,42,8,7,4.7935
2024-09-02,HSE South West,740614,181,20,201,196,641,13,0,7,2.7140
2024-09-02,HSE West and North West,759652,173,188,361,240,739,78,0,7,4.7522
2024-09-09,HSE Dublin and Midlands,1077639,208,4,212,279,477,20,1,7,1.9673
2024-09-09,HSE Dublin and North East,1187082,274,0,274,294,296,2,1,7,2.3082
2024-09-09,HSE Dublin and South East,971093,291,48,339,712,544,76,9,7,3.4909
2024-09-09,HSE Mid West,413059,40,209,249,271,198,73,10,7,6.0282
2024-09-09,HSE South West,740614,289,64,353,209,580,25,9,7,4.7663
2024-09-09,HSE West and North West,759652,209,201,410,294,708,111,1,7,5.3972
2024-09-16,HSE Dublin and Midlands,1077639,331,18,349,389,481,33,1,7,3.2386
2024-09-16,HSE Dublin and North East,1187082,265,0,265,355,279,1,0,7,2.2324
2024-09-16,HSE Dublin and South East,971093,267,56,323,693,559,48,7,7,3.3261
2024-09-16,HSE Mid West,413059,97,182,279,275,192,70,26,7,6.7545
2024-09-16,HSE South West,740614,286,63,349,209,569,31,4,7,4.7123
2024-09-16,HSE West and North West,759652,268,236,504,298,725,149,9,7,6.6346
2024-09-23,HSE Dublin and Midlands,1077639,303,48,351,401,453,41,4,7,3.2571
2024-09-23,HSE Dublin and North East,1187082,333,0,333,373,291,4,0,7,2.8052
2024-09-23,HSE Dublin and South East,971093,244,53,297,749,565,45,3,7,3.0584
2024-09-23,HSE Mid West,413059,101,215,316,259,192,61,8,7,7.6502
2024-09-23,HSE South West,740614,272,44,316,243,596,36,5,7,4.2667
2024-09-23,HSE West and North West,759652,261,270,531,375,751,179,2,7,6.9900
2024-09-30,HSE Dublin and Midlands,1077639,359,55,414,363,432,51,5,7,3.8417
2024-09-30,HSE Dublin and North East,1187082,397,0,397,395,299,5,0,7,3.3443
2024-09-30,HSE Dublin and South East,971093,306,45,351,782,605,61,7,7,3.6145
2024-09-30,HSE Mid West,413059,132,257,389,291,168,101,24,7,9.4175
2024-09-30,HSE South West,740614,317,80,397,284,591,40,5,7,5.3604
2024-09-30,HSE West and North West,759652,257,255,512,339,827,167,13,7,6.7399
2024-10-07,HSE Dublin and Midlands,1077639,374,79,453,436,437,66,7,7,4.2036
2024-10-07,HSE Dublin and North East,1187082,299,0,299,327,248,8,0,7,2.5188
2024-10-07,HSE Dublin and South East,971093,265,61,326,852,609,36,4,7,3.3570
2024-10-07,HSE Mid West,413059,129,234,363,270,124,93,27,7,8.7881
2024-10-07,HSE South West,740614,217,67,284,216,497,43,9,7,3.8347
2024-10-07,HSE West and North West,759652,209,250,459,267,772,131,4,7,6.0422
2024-10-14,HSE Dublin and Midlands,1077639,307,36,343,452,474,38,0,7,3.1829
2024-10-14,HSE Dublin and North East,1187082,311,0,311,374,235,2,2,7,2.6199
2024-10-14,HSE Dublin and South East,971093,274,56,330,679,641,53,9,7,3.3982
2024-10-14,HSE Mid West,413059,108,226,334,238,128,65,21,7,8.0860
2024-10-14,HSE South West,740614,191,35,226,252,465,22,2,7,3.0515
2024-10-14,HSE West and North West,759652,251,172,423,331,721,123,7,7,5.5683
2024-10-21,HSE Dublin and Midlands,1077639,263,74,337,321,444,75,5,7,3.1272
2024-10-21,HSE Dublin and North East,1187082,287,0,287,380,273,0,0,7,2.4177
2024-10-21,HSE Dublin and South East,971093,191,38,229,568,610,31,7,7,2.3582
2024-10-21,HSE Mid West,413059,81,193,274,251,137,58,21,7,6.6334
2024-10-21,HSE South West,740614,156,48,204,207,509,10,1,7,2.7545
2024-10-21,HSE West and North West,759652,204,189,393,331,717,102,3,7,5.1734
2024-10-28,HSE Dublin and Midlands,1077639,291,31,322,476,440,26,0,7,2.9880
2024-10-28,HSE Dublin and North East,1187082,327,0,327,334,268,8,1,7,2.7547
2024-10-28,HSE Dublin and South East,971093,173,38,211,538,603,29,2,7,2.1728
2024-10-28,HSE Mid West,413059,134,239,373,230,120,101,11,7,9.0302
2024-10-28,HSE South West,740614,178,42,220,225,439,16,3,7,2.9705
2024-10-28,HSE West and North West,759652,213,142,355,356,731,67,0,7,4.6732
2024-11-04,HSE Dublin and Midlands,1077639,322,40,362,595,496,17,8,7,3.3592
2024-11-04,HSE Dublin and North East,1187082,362,0,362,357,285,0,0,7,3.0495
2024-11-04,HSE Dublin and South East,971093,262,65,327,642,610,54,14,7,3.3673
2024-11-04,HSE Mid West,413059,185,267,452,319,98,136,30,7,10.9427
2024-11-04,HSE South West,740614,269,88,357,262,455,47,8,7,4.8203
2024-11-04,HSE West and North West,759652,284,190,474,349,771,96,5,7,6.2397
2024-11-11,HSE Dublin and Midlands,1077639,365,40,405,586,513,37,4,7,3.7582
2024-11-11,HSE Dublin and North East,1187082,298,0,298,402,291,6,1,7,2.5104
2024-11-11,HSE Dublin and South East,971093,216,54,270,575,575,43,10,7,2.7804
2024-11-11,HSE Mid West,413059,157,241,398,290,102,110,11,7,9.6354
2024-11-11,HSE South West,740614,176,60,236,274,479,21,2,7,3.1865
2024-11-11,HSE West and North West,759652,302,192,494,354,752,112,0,7,6.5030
2024-11-18,HSE Dublin and Midlands,1077639,332,43,375,553,540,36,1,7,3.4798
2024-11-18,HSE Dublin and North East,1187082,378,0,378,391,280,13,1,7,3.1843
2024-11-18,HSE Dublin and South East,971093,228,66,294,615,564,62,15,7,3.0275
2024-11-18,HSE Mid West,413059,140,266,406,290,83,137,6,7,9.8291
2024-11-18,HSE South West,740614,192,59,251,253,470,27,3,7,3.3891
2024-11-18,HSE West and North West,759652,259,205,464,348,710,89,1,7,6.1081
2024-11-25,HSE Dublin and Midlands,1077639,444,43,487,657,555,58,14,7,4.5191
2024-11-25,HSE Dublin and North East,1187082,475,1,476,497,273,18,8,7,4.0098
2024-11-25,HSE Dublin and South East,971093,298,110,408,817,630,83,14,7,4.2015
2024-11-25,HSE Mid West,413059,109,251,360,294,101,94,10,7,8.7155
2024-11-25,HSE South West,740614,306,65,371,282,452,49,12,7,5.0094
2024-11-25,HSE West and North West,759652,248,188,436,359,753,104,3,7,5.7395
2024-12-02,HSE Dublin and Midlands,1077639,390,54,444,713,518,47,7,7,4.1201
2024-12-02,HSE Dublin and North East,1187082,442,5,447,532,336,22,10,7,3.7655
2024-12-02,HSE Dublin and South East,971093,302,104,406,759,619,118,20,7,4.1809
2024-12-02,HSE Mid West,413059,152,274,426,320,150,93,5,7,10.3133
2024-12-02,HSE South West,740614,250,69,319,263,499,49,20,7,4.3072
2024-12-02,HSE West and North West,759652,223,195,418,323,723,84,2,7,5.5025
2024-12-09,HSE Dublin and Midlands,1077639,456,63,519,676,501,60,9,7,4.8161
2024-12-09,HSE Dublin and North East,1187082,427,0,427,602,402,19,13,7,3.5971
2024-12-09,HSE Dublin and South East,971093,286,84,370,720,571,96,9,7,3.8101
2024-12-09,HSE Mid West,413059,113,249,362,301,134,93,4,7,8.7639
2024-12-09,HSE South West,740614,210,52,262,273,518,22,7,7,3.5376
2024-12-09,HSE West and North West,759652,213,217,430,292,713,110,0,7,5.6605
2024-12-16,HSE Dublin and Midlands,1077639,438,62,500,729,478,38,0,7,4.6398
2024-12-16,HSE Dublin and North East,1187082,352,0,352,466,376,10,2,7,2.9653
2024-12-16,HSE Dublin and South East,971093,147,66,213,568,577,50,6,7,2.1934
2024-12-16,HSE Mid West,413059,145,276,421,267,129,120,2,7,10.1922
2024-12-16,HSE South West,740614,286,72,358,263,483,42,13,7,4.8338
2024-12-16,HSE West and North West,759652,202,199,401,318,652,115,0,7,5.2787
2024-12-23,HSE Dublin and Midlands,1077639,160,2,162,313,440,6,2,7,1.5033
2024-12-23,HSE Dublin and North East,1187082,133,0,133,260,327,2,0,7,1.1204
2024-12-23,HSE Dublin and South East,971093,92,7,99,373,485,1,0,7,1.0195
2024-12-23,HSE Mid West,413059,78,128,206,161,148,60,0,7,4.9872
2024-12-23,HSE South West,740614,113,16,129,105,398,16,2,7,1.7418
2024-12-23,HSE West and North West,759652,129,66,195,230,577,35,0,7,2.5670
2024-12-30,HSE Dublin and Midlands,1077639,377,46,423,802,452,35,14,7,3.9252
2024-12-30,HSE Dublin and North East,1187082,213,0,213,495,340,6,4,7,1.7943
2024-12-30,HSE Dublin and South East,971093,243,96,339,840,447,76,14,7,3.4909
2024-12-30,HSE Mid West,413059,168,269,437,299,131,152,4,7,10.5796
2024-12-30,HSE South West,740614,326,66,392,318,464,69,9,7,5.2929
2024-12-30,HSE West and North West,759652,344,201,545,535,602,146,7,7,7.1743
2025-01-06,HSE Dublin and Midlands,1077639,499,86,585,990,432,98,4,7,5.4285
2025-01-06,HSE Dublin and North East,1187082,382,0,382,745,361,17,7,7,3.2180
2025-01-06,HSE Dublin and South East,971093,244,93,337,853,536,61,6,7,3.4703
2025-01-06,HSE Mid West,413059,199,287,486,332,132,139,0,7,11.7659
2025-01-06,HSE South West,740614,438,100,538,373,440,120,25,7,7.2642
2025-01-06,HSE West and North West,759652,347,261,608,609,668,169,5,7,8.0037
2025-01-13,HSE Dublin and Midlands,1077639,387,90,477,874,420,107,10,7,4.4263
2025-01-13,HSE Dublin and North East,1187082,380,0,380,797,359,14,3,7,3.2011
2025-01-13,HSE Dublin and South East,971093,246,109,355,816,561,68,19,7,3.6557
2025-01-13,HSE Mid West,413059,189,272,461,368,128,150,0,7,11.1606
2025-01-13,HSE South West,740614,381,139,520,366,514,115,21,7,7.0212
2025-01-13,HSE West and North West,759652,306,319,625,570,667,217,14,7,8.2275
2025-01-20,HSE Dublin and Midlands,1077639,332,50,382,693,425,64,0,7,3.5448
2025-01-20,HSE Dublin and North East,1187082,413,3,416,752,350,3,1,7,3.5044
2025-01-20,HSE Dublin and South East,971093,305,185,490,765,554,108,13,7,5.0459
2025-01-20,HSE Mid West,413059,98,254,352,309,123,103,0,7,8.5218
2025-01-20,HSE South West,740614,382,99,481,393,616,68,3,7,6.4946
2025-01-20,HSE West and North West,759652,351,293,644,519,838,225,10,7,8.4776
2025-01-27,HSE Dublin and Midlands,1077639,436,34,470,895,422,36,8,7,4.3614
2025-01-27,HSE Dublin and North East,1187082,485,0,485,887,394,10,5,7,4.0856
2025-01-27,HSE Dublin and South East,971093,226,148,374,697,536,104,12,7,3.8513
2025-01-27,HSE Mid West,413059,112,281,393,362,118,102,0,7,9.5144
2025-01-27,HSE South West,740614,350,119,469,376,598,43,6,7,6.3326
2025-01-27,HSE West and North West,759652,384,348,732,644,892,231,11,7,9.6360
2025-02-03,HSE Dublin and Midlands,1077639,381,47,428,1039,408,65,2,7,3.9716
2025-02-03,HSE Dublin and North East,1187082,537,0,537,1012,400,46,15,7,4.5237
2025-02-03,HSE Dublin and South East,971093,279,133,412,871,551,91,12,7,4.2426
2025-02-03,HSE Mid West,413059,100,281,381,328,118,140,0,7,9.2239
2025-02-03,HSE South West,740614,278,86,364,364,515,51,1,7,4.9148
2025-02-03,HSE West and North West,759652,407,334,741,612,875,278,31,7,9.7545
2025-02-10,HSE Dublin and Midlands,1077639,434,45,479,990,408,78,6,7,4.4449
2025-02-10,HSE Dublin and North East,1187082,452,0,452,758,399,31,14,7,3.8077
2025-02-10,HSE Dublin and South East,971093,190,54,244,706,613,37,9,7,2.5126
2025-02-10,HSE Mid West,413059,106,243,349,280,135,91,0,7,8.4492
2025-02-10,HSE South West,740614,237,75,312,355,517,31,1,7,4.2127
2025-02-10,HSE West and North West,759652,290,258,548,462,945,187,13,7,7.2138
2025-02-17,HSE Dublin and Midlands,1077639,459,24,483,925,450,51,1,7,4.4820
2025-02-17,HSE Dublin and North East,1187082,445,0,445,769,361,19,9,7,3.7487
2025-02-17,HSE Dublin and South East,971093,249,93,342,666,559,38,2,7,3.5218
2025-02-17,HSE Mid West,413059,122,307,429,299,145,129,0,7,10.3859
2025-02-17,HSE South West,740614,255,79,334,375,538,31,1,7,4.5098
2025-02-17,HSE West and North West,759652,304,262,566,457,890,146,3,7,7.4508
2025-02-24,HSE Dublin and Midlands,1077639,413,72,485,868,469,86,6,7,4.5006
2025-02-24,HSE Dublin and North East,1187082,306,0,306,788,356,19,7,7,2.5777
2025-02-24,HSE Dublin and South East,971093,182,73,255,794,559,35,6,7,2.6259
2025-02-24,HSE Mid West,413059,107,305,412,340,153,122,0,7,9.9744
2025-02-24,HSE South West,740614,274,76,350,310,612,34,0,7,4.7258
2025-02-24,HSE West and North West,759652,360,284,644,497,904,197,5,7,8.4776
2025-03-03,HSE Dublin and Midlands,1077639,341,47,388,783,451,68,2,7,3.6005
2025-03-03,HSE Dublin and North East,1187082,212,0,212,704,397,0,0,7,1.7859
2025-03-03,HSE Dublin and South East,971093,219,75,294,611,592,42,14,7,3.0275
2025-03-03,HSE Mid West,413059,102,265,367,297,187,116,0,7,8.8849
2025-03-03,HSE South West,740614,212,47,259,297,599,15,0,7,3.4971
2025-03-03,HSE West and North West,759652,283,219,502,431,869,137,7,7,6.6083
2025-03-10,HSE Dublin and Midlands,1077639,294,42,336,678,440,70,1,7,3.1179
2025-03-10,HSE Dublin and North East,1187082,227,0,227,535,353,1,0,7,1.9123
2025-03-10,HSE Dublin and South East,971093,182,42,224,565,600,29,8,7,2.3067
2025-03-10,HSE Mid West,413059,70,256,326,182,168,94,0,7,7.8923
2025-03-10,HSE South West,740614,114,41,155,249,511,13,3,7,2.0929
2025-03-10,HSE West and North West,759652,263,209,472,389,892,116,4,7,6.2134
2025-03-17,HSE Dublin and Midlands,1077639,280,4,284,485,447,22,1,7,2.6354
2025-03-17,HSE Dublin and North East,1187082,127,0,127,445,316,0,0,7,1.0699
2025-03-17,HSE Dublin and South East,971093,161,28,189,509,619,18,1,7,1.9463
2025-03-17,HSE Mid West,413059,32,227,259,233,144,83,0,7,6.2703
2025-03-17,HSE South West,740614,226,58,284,287,417,17,2,7,3.8347
2025-03-17,HSE West and North West,759652,159,148,307,341,884,65,0,7,4.0413
2025-03-24,HSE Dublin and Midlands,1077639,325,38,363,546,431,45,1,7,3.3685
2025-03-24,HSE Dublin and North East,1187082,307,2,309,510,297,2,2,7,2.6030
2025-03-24,HSE Dublin and South East,971093,111,20,131,496,620,12,1,7,1.3490
2025-03-24,HSE Mid West,413059,102,283,385,264,151,111,1,7,9.3207
2025-03-24,HSE South West,740614,285,66,351,280,492,52,0,7,4.7393
2025-03-24,HSE West and North West,759652,242,202,444,351,908,98,4,7,5.8448
2025-03-31,HSE Dublin and Midlands,1077639,253,10,263,436,398,15,0,7,2.4405
2025-03-31,HSE Dublin and North East,1187082,364,0,364,530,334,23,3,7,3.0663
2025-03-31,HSE Dublin and South East,971093,129,27,156,503,601,12,0,7,1.6064
2025-03-31,HSE Mid West,413059,73,246,319,187,163,96,0,7,7.7229
2025-03-31,HSE South West,740614,237,67,304,262,546,33,0,7,4.1047
2025-03-31,HSE West and North West,759652,193,182,375,347,905,123,1,7,4.9365
2025-04-07,HSE Dublin and Midlands,1077639,337,23,360,400,411,63,2,7,3.3406
2025-04-07,HSE Dublin and North East,1187082,176,0,176,424,285,2,1,7,1.4826
2025-04-07,HSE Dublin and South East,971093,146,15,161,418,533,17,0,7,1.6579
2025-04-07,HSE Mid West,413059,89,225,314,172,170,70,0,7,7.6018
2025-04-07,HSE South West,740614,133,38,171,252,463,13,0,7,2.3089
2025-04-07,HSE West and North West,759652,152,185,337,373,836,111,2,7,4.4362
2025-04-14,HSE Dublin and Midlands,1077639,392,35,427,423,405,73,2,7,3.9624
2025-04-14,HSE Dublin and North East,1187082,281,0,281,457,274,13,1,7,2.3671
2025-04-14,HSE Dublin and South East,971093,132,30,162,444,548,17,4,7,1.6682
2025-04-14,HSE Mid West,413059,96,265,361,217,162,88,0,7,8.7397
2025-04-14,HSE South West,740614,127,42,169,234,455,6,2,7,2.2819
2025-04-14,HSE West and North West,759652,200,163,363,301,866,95,0,7,4.7785
2025-04-21,HSE Dublin and Midlands,1077639,363,53,416,616,385,81,3,7,3.8603
2025-04-21,HSE Dublin and North East,1187082,151,0,151,471,247,2,0,7,1.2720
2025-04-21,HSE Dublin and South East,971093,152,36,188,513,599,11,1,7,1.9360
2025-04-21,HSE Mid West,413059,103,294,397,177,142,96,0,7,9.6112
2025-04-21,HSE South West,740614,155,41,196,239,477,21,5,7,2.6465
2025-04-21,HSE West and North West,759652,232,187,419,459,881,114,2,7,5.5157
2025-04-28,HSE Dublin and Midlands,1077639,256,5,261,490,426,26,0,7,2.4220
2025-04-28,HSE Dublin and North East,1187082,159,0,159,362,277,0,0,7,1.3394
2025-04-28,HSE Dublin and South East,971093,153,20,173,453,574,14,0,7,1.7815
2025-04-28,HSE Mid West,413059,78,269,347,216,140,102,0,7,8.4007
2025-04-28,HSE South West,740614,120,36,156,234,465,10,0,7,2.1064
2025-04-28,HSE West and North West,759652,205,144,349,402,916,95,3,7,4.5942
2025-05-05,HSE Dublin and Midlands,1077639,236,22,258,372,437,55,1,7,2.3941
2025-05-05,HSE Dublin and North East,1187082,142,0,142,399,320,0,0,7,1.1962
2025-05-05,HSE Dublin and South East,971093,165,30,195,526,539,27,1,7,2.0080
2025-05-05,HSE Mid West,413059,96,255,351,255,120,113,0,7,8.4976
2025-05-05,HSE South West,740614,150,48,198,258,471,13,2,7,2.6735
2025-05-05,HSE West and North West,759652,187,225,412,353,957,89,2,7,5.4235
2025-05-12,HSE Dublin and Midlands,1077639,281,9,290,355,442,42,0,7,2.6911
2025-05-12,HSE Dublin and North East,1187082,120,0,120,303,335,0,0,7,1.0109
2025-05-12,HSE Dublin and South East,971093,150,28,178,505,533,14,0,7,1.8330
2025-05-12,HSE Mid West,413059,99,283,382,226,132,115,0,7,9.2481
2025-05-12,HSE South West,740614,134,41,175,283,486,6,0,7,2.3629
2025-05-12,HSE West and North West,759652,261,215,476,392,930,126,1,7,6.2660
2025-05-19,HSE Dublin and Midlands,1077639,303,28,331,361,439,46,0,7,3.0715
2025-05-19,HSE Dublin and North East,1187082,180,0,180,338,359,0,0,7,1.5163
2025-05-19,HSE Dublin and South East,971093,187,46,233,524,539,20,0,7,2.3994
2025-05-19,HSE Mid West,413059,87,265,352,292,132,88,0,7,8.5218
2025-05-19,HSE South West,740614,123,40,163,231,495,4,0,7,2.2009
2025-05-19,HSE West and North West,759652,198,156,354,321,888,115,2,7,4.6600
2025-05-26,HSE Dublin and Midlands,1077639,295,5,300,432,423,16,0,7,2.7839
2025-05-26,HSE Dublin and North East,1187082,217,0,217,342,335,5,0,7,1.8280
2025-05-26,HSE Dublin and South East,971093,163,43,206,479,537,15,2,7,2.1213
2025-05-26,HSE Mid West,413059,86,264,350,190,155,106,0,7,8.4734
2025-05-26,HSE South West,740614,98,19,117,213,486,0,0,7,1.5798
2025-05-26,HSE West and North West,759652,225,215,440,344,861,139,3,7,5.7921
2025-06-02,HSE Dublin and Midlands,1077639,178,3,181,340,412,20,0,7,1.6796
2025-06-02,HSE Dublin and North East,1187082,231,0,231,510,307,3,0,7,1.9459
2025-06-02,HSE Dublin and South East,971093,171,50,221,500,557,30,3,7,2.2758
2025-06-02,HSE Mid West,413059,90,246,336,81,179,88,0,7,8.1344
2025-06-02,HSE South West,740614,133,23,156,213,429,12,0,7,2.1064
2025-06-02,HSE West and North West,759652,247,218,465,328,824,136,6,7,6.1212
2025-06-09,HSE Dublin and Midlands,1077639,246,3,249,326,425,11,0,7,2.3106
2025-06-09,HSE Dublin and North East,1187082,209,0,209,509,307,1,0,7,1.7606
2025-06-09,HSE Dublin and South East,971093,129,25,154,416,535,15,0,7,1.5858
2025-06-09,HSE Mid West,413059,91,267,358,7,157,100,0,7,8.6670
2025-06-09,HSE South West,740614,103,27,130,230,474,9,0,7,1.7553
2025-06-09,HSE West and North West,759652,264,224,488,414,806,141,13,7,6.4240
2025-06-16,HSE Dublin and Midlands,1077639,338,59,397,389,422,55,1,7,3.6840
2025-06-16,HSE Dublin and North East,1187082,186,0,186,411,287,1,1,7,1.5669
2025-06-16,HSE Dublin and South East,971093,127,48,175,367,506,8,0,7,1.8021
2025-06-16,HSE Mid West,413059,58,214,272,17,132,62,0,7,6.5850
2025-06-16,HSE South West,740614,151,32,183,225,460,11,0,7,2.4709
2025-06-16,HSE West and North West,759652,254,195,449,340,864,89,5,7,5.9106
2025-06-23,HSE Dublin and Midlands,1077639,263,31,294,388,435,37,0,7,2.7282
2025-06-23,HSE Dublin and North East,1187082,150,0,150,374,313,0,0,7,1.2636
2025-06-23,HSE Dublin and South East,971093,134,46,180,379,497,22,3,7,1.8536
2025-06-23,HSE Mid West,413059,91,308,399,22,96,121,0,7,9.6596
2025-06-23,HSE South West,740614,193,61,254,264,494,20,3,7,3.4296
2025-06-23,HSE West and North West,759652,290,197,487,384,893,105,7,7,6.4108
2025-06-30,HSE Dublin and Midlands,1077639,223,61,284,353,455,48,1,7,2.6354
2025-06-30,HSE Dublin and North East,1187082,189,0,189,402,315,3,1,7,1.5921
2025-06-30,HSE Dublin and South East,971093,133,36,169,333,580,12,1,7,1.7403
2025-06-30,HSE Mid West,413059,88,281,369,24,94,117,0,7,8.9333
2025-06-30,HSE South West,740614,149,71,220,295,453,17,4,7,2.9705
2025-06-30,HSE West and North West,759652,221,205,426,402,944,124,11,7,5.6078
2025-07-07,HSE Dublin and Midlands,1077639,171,17,188,318,537,9,0,7,1.7446
2025-07-07,HSE Dublin and North East,1187082,178,0,178,269,282,3,1,7,1.4995
2025-07-07,HSE Dublin and South East,971093,154,47,201,537,617,20,1,7,2.0698
2025-07-07,HSE Mid West,413059,70,205,275,15,104,71,0,7,6.6576
2025-07-07,HSE South West,740614,186,61,247,324,421,12,1,7,3.3351
2025-07-07,HSE West and North West,759652,185,164,349,355,944,69,1,7,4.5942
2025-07-14,HSE Dublin and Midlands,1077639,175,39,214,325,513,2,0,7,1.9858
2025-07-14,HSE Dublin and North East,1187082,181,0,181,327,302,0,0,7,1.5247
2025-07-14,HSE Dublin and South East,971093,192,48,240,659,543,33,0,7,2.4714
2025-07-14,HSE Mid West,413059,81,241,322,18,113,81,0,7,7.7955
2025-07-14,HSE South West,740614,144,39,183,301,471,11,1,7,2.4709
2025-07-14,HSE West and North West,759652,282,255,537,409,908,131,6,7,7.0690
2025-07-21,HSE Dublin and Midlands,1077639,162,34,196,203,463,8,0,7,1.8188
2025-07-21,HSE Dublin and North East,1187082,201,0,201,402,294,3,0,7,1.6932
2025-07-21,HSE Dublin and South East,971093,157,53,210,529,557,24,1,7,2.1625
2025-07-21,HSE Mid West,413059,79,276,355,28,135,109,0,7,8.5944
2025-07-21,HSE South West,740614,188,53,241,293,490,8,0,7,3.2541
2025-07-21,HSE West and North West,759652,277,265,542,389,861,184,6,7,7.1348
2025-07-28,HSE Dublin and Midlands,1077639,195,23,218,301,431,5,0,7,2.0229
2025-07-28,HSE Dublin and North East,1187082,113,0,113,302,303,2,0,7,0.9519
2025-07-28,HSE Dublin and South East,971093,154,31,185,438,605,15,0,7,1.9051
2025-07-28,HSE Mid West,413059,93,297,390,15,130,124,0,7,9.4418
2025-07-28,HSE South West,740614,193,41,234,234,504,16,1,7,3.1595
2025-07-28,HSE West and North West,759652,287,240,527,367,845,135,10,7,6.9374
2025-08-04,HSE Dublin and Midlands,1077639,175,26,201,182,393,1,0,7,1.8652
2025-08-04,HSE Dublin and North East,1187082,158,0,158,456,356,0,0,7,1.3310
2025-08-04,HSE Dublin and South East,971093,178,16,194,534,619,13,0,7,1.9977
2025-08-04,HSE Mid West,413059,66,214,280,3,123,83,0,7,6.7787
2025-08-04,HSE South West,740614,136,35,171,242,470,7,0,7,2.3089
2025-08-04,HSE West and North West,759652,282,181,463,437,807,133,8,7,6.0949
2025-08-11,HSE Dublin and Midlands,1077639,233,39,272,223,434,17,0,7,2.5240
2025-08-11,HSE Dublin and North East,1187082,220,0,220,520,320,1,0,7,1.8533
2025-08-11,HSE Dublin and South East,971093,201,26,227,547,607,36,3,7,2.3376
2025-08-11,HSE Mid West,413059,57,173,230,5,124,54,0,7,5.5682
2025-08-11,HSE South West,740614,173,45,218,254,504,7,0,7,2.9435
2025-08-11,HSE West and North West,759652,334,254,588,423,834,139,4,7,7.7404
2025-08-18,HSE Dublin and Midlands,1077639,152,2,154,166,486,10,2,7,1.4290
2025-08-18,HSE Dublin and North East,1187082,221,0,221,464,299,1,0,7,1.8617
2025-08-18,HSE Dublin and South East,971093,225,51,276,565,604,31,5,7,2.8422
2025-08-18,HSE Mid West,413059,107,280,387,19,136,131,0,7,9.3691
2025-08-18,HSE South West,740614,137,63,200,222,458,19,2,7,2.7005
2025-08-18,HSE West and North West,759652,357,269,626,425,875,194,6,7,8.2406
2025-08-25,HSE Dublin and Midlands,1077639,268,9,277,215,498,14,0,7,2.5704
2025-08-25,HSE Dublin and North East,1187082,193,0,193,468,308,0,0,7,1.6258
2025-08-25,HSE Dublin and South East,971093,188,61,249,549,577,20,4,7,2.5641
2025-08-25,HSE Mid West,413059,96,284,380,21,121,123,0,7,9.1997
2025-08-25,HSE South West,740614,215,51,266,281,491,14,0,7,3.5916
2025-08-25,HSE West and North West,759652,346,258,604,496,909,178,13,7,7.9510
2025-09-01,HSE Dublin and Midlands,1077639,262,11,273,274,525,23,1,7,2.5333
2025-09-01,HSE Dublin and North East,1187082,182,0,182,327,326,3,1,7,1.5332
2025-09-01,HSE Dublin and South East,971093,170,60,230,537,592,26,4,7,2.3685
2025-09-01,HSE Mid West,413059,95,288,383,29,131,111,0,7,9.2723
2025-09-01,HSE South West,740614,271,73,344,322,487,41,4,7,4.6448
2025-09-01,HSE West and North West,759652,323,219,542,466,963,143,3,7,7.1348
2025-09-08,HSE Dublin and Midlands,1077639,189,5,194,242,499,17,1,7,1.8002
2025-09-08,HSE Dublin and North East,1187082,207,0,207,402,324,2,0,7,1.7438
2025-09-08,HSE Dublin and South East,971093,225,90,315,637,591,38,6,7,3.2438
2025-09-08,HSE Mid West,413059,78,251,329,12,159,99,0,7,7.9650
2025-09-08,HSE South West,740614,160,72,232,260,512,31,2,7,3.1325
2025-09-08,HSE West and North West,759652,365,287,652,545,888,167,6,7,8.5829
2025-09-15,HSE Dublin and Midlands,1077639,203,9,212,339,464,13,1,7,1.9673
2025-09-15,HSE Dublin and North East,1187082,210,0,210,402,292,6,1,7,1.7690
2025-09-15,HSE Dublin and South East,971093,235,112,347,629,576,38,2,7,3.5733
2025-09-15,HSE Mid West,413059,82,285,367,18,128,110,0,7,8.8849
2025-09-15,HSE South West,740614,195,38,233,312,552,18,3,7,3.1460
2025-09-15,HSE West and North West,759652,313,238,551,534,901,176,11,7,7.2533
2025-09-22,HSE Dublin and Midlands,1077639,180,4,184,346,461,14,0,7,1.7074
2025-09-22,HSE Dublin and North East,1187082,224,0,224,464,278,1,0,7,1.8870
2025-09-22,HSE Dublin and South East,971093,181,54,235,527,586,29,4,7,2.4200
2025-09-22,HSE Mid West,413059,93,292,385,25,111,121,1,7,9.3207
2025-09-22,HSE South West,740614,238,77,315,307,566,39,4,7,4.2532
2025-09-22,HSE West and North West,759652,158,152,310,467,933,58,0,7,4.0808
2025-09-29,HSE Dublin and Midlands,1077639,242,19,261,483,483,20,1,7,2.4220
2025-09-29,HSE Dublin and North East,1187082,273,9,282,599,291,0,0,7,2.3756
2025-09-29,HSE Dublin and South East,971093,170,37,207,574,666,15,1,7,2.1316
2025-09-29,HSE Mid West,413059,134,308,442,45,109,152,1,7,10.7007
2025-09-29,HSE South West,740614,251,85,336,356,533,33,2,7,4.5368
2025-09-29,HSE West and North West,759652,197,205,402,461,927,104,2,7,5.2919
2025-10-06,HSE Dublin and Midlands,1077639,215,51,266,460,494,20,4,7,2.4684
2025-10-06,HSE Dublin and North East,1187082,195,0,195,514,272,3,1,7,1.6427
2025-10-06,HSE Dublin and South East,971093,210,59,269,684,715,25,2,7,2.7701
2025-10-06,HSE Mid West,413059,82,206,288,34,113,92,0,7,6.9724
2025-10-06,HSE South West,740614,294,92,386,447,544,44,6,7,5.2119
2025-10-06,HSE West and North West,759652,286,237,523,551,879,123,10,7,6.8847
2025-10-13,HSE Dublin and Midlands,1077639,136,51,187,353,465,16,1,7,1.7353
2025-10-13,HSE Dublin and North East,1187082,148,0,148,404,283,1,0,7,1.2468
2025-10-13,HSE Dublin and South East,971093,185,102,287,629,692,21,2,7,2.9554
2025-10-13,HSE Mid West,413059,54,132,186,22,123,63,0,7,4.5030
2025-10-13,HSE South West,740614,342,78,420,392,521,43,5,7,5.6710
2025-10-13,HSE West and North West,759652,189,174,363,502,894,107,0,7,4.7785
2025-10-20,HSE Dublin and Midlands,1077639,164,21,185,350,513,9,0,7,1.7167
2025-10-20,HSE Dublin and North East,1187082,152,0,152,442,274,0,0,7,1.2805
2025-10-20,HSE Dublin and South East,971093,189,89,278,676,651,29,0,7,2.8628
2025-10-20,HSE Mid West,413059,49,105,154,19,98,30,0,7,3.7283
2025-10-20,HSE South West,740614,262,58,320,343,532,37,5,7,4.3207
2025-10-20,HSE West and North West,759652,258,165,423,498,977,61,5,7,5.5683
2025-10-27,HSE Dublin and Midlands,1077639,222,23,245,463,491,9,0,7,2.2735
2025-10-27,HSE Dublin and North East,1187082,173,0,173,502,234,0,0,7,1.4574
2025-10-27,HSE Dublin and South East,971093,216,49,265,771,579,23,2,7,2.7289
2025-10-27,HSE Mid West,413059,58,118,176,13,94,45,0,7,4.2609
2025-10-27,HSE South West,740614,317,59,376,352,510,42,3,7,5.0769
2025-10-27,HSE West and North West,759652,207,158,365,496,939,101,0,7,4.8048
2025-11-03,HSE Dublin and Midlands,1077639,277,19,296,541,449,29,6,7,2.7467
2025-11-03,HSE Dublin and North East,1187082,245,0,245,554,220,1,0,7,2.0639
2025-11-03,HSE Dublin and South East,971093,289,144,433,911,519,71,6,7,4.4589
2025-11-03,HSE Mid West,413059,63,112,175,25,92,29,0,7,4.2367
2025-11-03,HSE South West,740614,326,133,459,385,497,84,16,7,6.1976
2025-11-03,HSE West and North West,759652,276,216,492,614,784,81,1,7,6.4766
2025-11-10,HSE Dublin and Midlands,1077639,285,44,329,597,539,21,1,7,3.0530
2025-11-10,HSE Dublin and North East,1187082,250,1,251,580,273,2,1,7,2.1144
2025-11-10,HSE Dublin and South East,971093,268,107,375,891,565,57,7,7,3.8616
2025-11-10,HSE Mid West,413059,51,132,183,21,105,53,0,7,4.4304
2025-11-10,HSE South West,740614,163,63,226,329,709,39,2,7,3.0515
2025-11-10,HSE West and North West,759652,237,228,465,564,861,116,2,7,6.1212
2025-11-17,HSE Dublin and Midlands,1077639,265,29,294,484,506,19,9,7,2.7282
2025-11-17,HSE Dublin and North East,1187082,224,0,224,533,274,1,1,7,1.8870
2025-11-17,HSE Dublin and South East,971093,109,39,148,670,587,15,1,7,1.5241
2025-11-17,HSE Mid West,413059,19,62,81,17,167,12,0,7,1.9610
2025-11-17,HSE South West,740614,212,94,306,332,670,40,0,7,4.1317
2025-11-17,HSE West and North West,759652,218,199,417,581,857,87,1,7,5.4894
2025-11-24,HSE Dublin and Midlands,1077639,346,43,389,658,455,31,0,7,3.6097
2025-11-24,HSE Dublin and North East,1187082,249,0,249,587,242,1,0,7,2.0976
2025-11-24,HSE Dublin and South East,971093,265,61,326,761,618,43,3,7,3.3570
2025-11-24,HSE Mid West,413059,51,144,195,16,187,43,0,7,4.7209
2025-11-24,HSE South West,740614,260,78,338,358,608,64,10,7,4.5638
2025-11-24,HSE West and North West,759652,276,204,480,571,868,87,2,7,6.3187
2025-12-01,HSE Dublin and Midlands,1077639,349,36,385,683,468,46,7,7,3.5726
2025-12-01,HSE Dublin and North East,1187082,334,0,334,700,257,8,0,7,2.8136
2025-12-01,HSE Dublin and South East,971093,252,38,290,793,632,40,5,7,2.9863
2025-12-01,HSE Mid West,413059,86,189,275,83,207,68,0,7,6.6576
2025-12-01,HSE South West,740614,335,63,398,372,635,65,6,7,5.3739
2025-12-01,HSE West and North West,759652,241,171,412,600,895,92,5,7,5.4235
2025-12-08,HSE Dublin and Midlands,1077639,379,55,434,641,487,41,2,7,4.0273
2025-12-08,HSE Dublin and North East,1187082,327,0,327,734,226,3,1,7,2.7547
2025-12-08,HSE Dublin and South East,971093,226,54,280,727,651,29,2,7,2.8833
2025-12-08,HSE Mid West,413059,58,146,204,85,201,45,1,7,4.9388
2025-12-08,HSE South West,740614,288,105,393,394,629,52,6,7,5.3064
2025-12-08,HSE West and North West,759652,350,219,569,684,883,118,3,7,7.4903
2025-12-15,HSE Dublin and Midlands,1077639,230,34,264,543,490,28,1,7,2.4498
2025-12-15,HSE Dublin and North East,1187082,187,0,187,546,209,0,0,7,1.5753
2025-12-15,HSE Dublin and South East,971093,153,10,163,668,615,28,1,7,1.6785
2025-12-15,HSE Mid West,413059,37,92,129,82,175,26,0,7,3.1230
2025-12-15,HSE South West,740614,192,42,234,307,562,36,3,7,3.1595
2025-12-15,HSE West and North West,759652,241,166,407,558,795,99,5,7,5.3577
2025-12-22,HSE Dublin and Midlands,1077639,33,0,33,98,518,0,0,7,0.3062
2025-12-22,HSE Dublin and North East,1187082,21,0,21,120,207,0,0,7,0.1769
2025-12-22,HSE Dublin and South East,971093,90,10,100,338,520,5,0,7,1.0298
2025-12-22,HSE Mid West,413059,14,29,43,31,150,13,0,7,1.0410
2025-12-22,HSE South West,740614,103,3,106,74,453,13,1,7,1.4312
2025-12-22,HSE West and North West,759652,71,40,111,211,729,24,0,7,1.4612
2025-12-29,HSE Dublin and Midlands,1077639,99,0,99,372,523,0,0,7,0.9187
2025-12-29,HSE Dublin and North East,1187082,56,0,56,230,186,0,0,7,0.4717
2025-12-29,HSE Dublin and South East,971093,131,10,141,565,471,23,0,7,1.4520
2025-12-29,HSE Mid West,413059,12,15,27,50,139,3,0,7,0.6537
2025-12-29,HSE South West,740614,240,52,292,371,487,33,12,7,3.9427
2025-12-29,HSE West and North West,759652,173,85,258,476,785,24,0,7,3.3963
2026-01-05,HSE Dublin and Midlands,1077639,254,28,282,867,533,12,0,7,2.6168
2026-01-05,HSE Dublin and North East,1187082,325,0,325,951,212,2,0,7,2.7378
2026-01-05,HSE Dublin and South East,971093,245,71,316,1000,534,56,1,7,3.2541
2026-01-05,HSE Mid West,413059,75,237,312,177,136,84,1,7,7.5534
2026-01-05,HSE South West,740614,476,207,683,569,592,146,35,7,9.2221
2026-01-05,HSE West and North West,759652,462,304,766,921,875,190,6,7,10.0836
2026-01-12,HSE Dublin and Midlands,1077639,453,52,505,1069,596,64,15,7,4.6862
2026-01-12,HSE Dublin and North East,1187082,311,0,311,1049,283,2,0,7,2.6199
2026-01-12,HSE Dublin and South East,971093,297,123,420,1162,618,73,10,7,4.3250
2026-01-12,HSE Mid West,413059,100,308,408,273,155,143,7,7,9.8775
2026-01-12,HSE South West,740614,423,204,627,593,576,179,45,7,8.4659
2026-01-12,HSE West and North West,759652,341,263,604,874,881,162,1,7,7.9510
2026-01-19,HSE Dublin and Midlands,1077639,393,70,463,1146,547,73,3,7,4.2964
2026-01-19,HSE Dublin and North East,1187082,280,0,280,1004,301,2,0,7,2.3587
2026-01-19,HSE Dublin and South East,971093,281,83,364,1055,657,55,4,7,3.7484
2026-01-19,HSE Mid West,413059,92,345,437,250,155,168,1,7,10.5796
2026-01-19,HSE South West,740614,268,84,352,562,568,42,4,7,4.7528
2026-01-19,HSE West and North West,759652,447,318,765,883,860,204,3,7,10.0704
2026-01-26,HSE Dublin and Midlands,1077639,323,40,363,959,577,40,5,7,3.3685
2026-01-26,HSE Dublin and North East,1187082,259,0,259,1044,292,3,0,7,2.1818
2026-01-26,HSE Dublin and South East,971093,270,105,375,947,761,61,11,7,3.8616
2026-01-26,HSE Mid West,413059,91,292,383,181,225,112,0,7,9.2723
2026-01-26,HSE South West,740614,281,97,378,536,579,39,4,7,5.1039
2026-01-26,HSE West and North West,759652,353,283,636,807,897,204,9,7,8.3723
2026-02-02,HSE Dublin and Midlands,1077639,364,79,443,971,580,31,1,7,4.1108
2026-02-02,HSE Dublin and North East,1187082,261,0,261,993,315,9,4,7,2.1987
2026-02-02,HSE Dublin and South East,971093,331,131,462,1129,750,93,12,7,4.7575
2026-02-02,HSE Mid West,413059,103,303,406,251,241,127,1,7,9.8291
2026-02-02,HSE South West,740614,362,167,529,590,568,102,20,7,7.1427
2026-02-02,HSE West and North West,759652,383,325,708,742,883,188,6,7,9.3201
2026-02-09,HSE Dublin and Midlands,1077639,322,59,381,790,647,33,0,7,3.5355
2026-02-09,HSE Dublin and North East,1187082,322,0,322,981,334,6,1,7,2.7125
2026-02-09,HSE Dublin and South East,971093,326,139,465,1130,633,80,10,7,4.7884
2026-02-09,HSE Mid West,413059,117,248,365,184,216,107,0,7,8.8365
2026-02-09,HSE South West,740614,366,191,557,596,591,77,19,7,7.5208
2026-02-09,HSE West and North West,759652,370,309,679,697,954,198,7,7,8.9383
2026-02-16,HSE Dublin and Midlands,1077639,257,45,302,700,650,47,2,7,2.8024
2026-02-16,HSE Dublin and North East,1187082,218,0,218,738,317,1,0,7,1.8364
2026-02-16,HSE Dublin and South East,971093,265,90,355,967,724,85,13,7,3.6557
2026-02-16,HSE Mid West,413059,81,252,333,212,214,76,0,7,8.0618
2026-02-16,HSE South West,740614,289,110,399,585,574,55,8,7,5.3874
2026-02-16,HSE West and North West,759652,326,283,609,666,941,173,2,7,8.0168
2026-02-23,HSE Dublin and Midlands,1077639,292,47,339,680,625,42,0,7,3.1458
2026-02-23,HSE Dublin and North East,1187082,228,0,228,732,310,1,1,7,1.9207
2026-02-23,HSE Dublin and South East,971093,349,100,449,945,805,90,11,7,4.6237
2026-02-23,HSE Mid West,413059,67,244,311,189,207,76,0,7,7.5292
2026-02-23,HSE South West,740614,326,126,452,612,520,41,5,7,6.1030
2026-02-23,HSE West and North West,759652,348,306,654,663,929,186,3,7,8.6092
2026-03-02,HSE Dublin and Midlands,1077639,354,39,393,790,599,32,1,7,3.6469
2026-03-02,HSE Dublin and North East,1187082,216,0,216,670,308,0,0,7,1.8196
2026-03-02,HSE Dublin and South East,971093,233,56,289,949,883,53,7,7,2.9760
2026-03-02,HSE Mid West,413059,60,204,264,167,208,74,0,7,6.3913
2026-03-02,HSE South West,740614,400,139,539,602,565,88,15,7,7.2777
2026-03-02,HSE West and North West,759652,297,256,553,679,877,143,4,7,7.2796
2026-03-09,HSE Dublin and Midlands,1077639,282,10,292,690,595,8,0,7,2.7096
2026-03-09,HSE Dublin and North East,1187082,144,0,144,558,348,0,0,7,1.2131
2026-03-09,HSE Dublin and South East,971093,293,77,370,842,1027,74,9,7,3.8101
2026-03-09,HSE Mid West,413059,32,163,195,103,233,51,0,7,4.7209
2026-03-09,HSE South West,740614,402,124,526,587,587,88,18,7,7.1022
2026-03-09,HSE West and North West,759652,269,229,498,649,858,140,4,7,6.5556
2026-03-16,HSE Dublin and Midlands,1077639,312,18,330,876,642,20,2,7,3.0622
2026-03-16,HSE Dublin and North East,1187082,172,0,172,684,348,0,0,7,1.4489
2026-03-16,HSE Dublin and South East,971093,250,45,295,856,995,39,5,7,3.0378
2026-03-16,HSE Mid West,413059,32,109,141,166,230,25,0,7,3.4136
2026-03-16,HSE South West,740614,323,65,388,541,609,47,8,7,5.2389
2026-03-16,HSE West and North West,759652,190,236,426,605,832,140,0,7,5.6078
2026-03-23,HSE Dublin and Midlands,1077639,407,38,445,771,690,35,0,7,4.1294
2026-03-23,HSE Dublin and North East,1187082,291,0,291,742,372,5,2,7,2.4514
2026-03-23,HSE Dublin and South East,971093,278,67,345,971,977,62,4,7,3.5527
2026-03-23,HSE Mid West,413059,81,259,340,254,230,80,0,7,8.2313
2026-03-23,HSE South West,740614,285,133,418,544,585,78,20,7,5.6440
2026-03-23,HSE West and North West,759652,255,241,496,627,780,148,2,7,6.5293
2026-03-30,HSE Dublin and Midlands,1077639,306,33,339,639,740,27,3,7,3.1458
2026-03-30,HSE Dublin and North East,1187082,226,0,226,620,342,2,0,7,1.9038
2026-03-30,HSE Dublin and South East,971093,219,49,268,861,901,34,0,7,2.7598
2026-03-30,HSE Mid West,413059,60,247,307,225,206,99,0,7,7.4324
2026-03-30,HSE South West,740614,344,143,487,542,567,95,12,7,6.5756
2026-03-30,HSE West and North West,759652,262,221,483,595,696,148,8,7,6.3582
2026-04-06,HSE Dublin and Midlands,1077639,160,8,168,276,300,5,2,3,1.5590
2026-04-06,HSE Dublin and North East,1187082,143,0,143,292,126,11,4,3,1.2046
2026-04-06,HSE Dublin and South East,971093,95,11,106,414,372,13,1,3,1.0916
2026-04-06,HSE Mid West,413059,59,128,187,109,74,70,0,3,4.5272
2026-04-06,HSE South West,740614,125,29,154,259,241,5,1,3,2.0794
2026-04-06,HSE West and North West,759652,108,80,188,257,287,47,0,3,2.4748
